{
    "Pace XG1v1": {
        "project": "rdk/yocto_oe/manifests/pace-intel-manifest",
        "manifest_file": "pacexg1v1.xml",
        "model_name": "PX001AN"
    },
    "Pace XG1v3": {
        "project": "rdk/yocto_oe/manifests/pace-bcm-manifest",
        "manifest_file": "pacexg1v3.xml",
        "model_name": "PX013AN"
    },
    "Arris XG1v1": {
        "project": "rdk/yocto_oe/manifests/arris-bcm-manifest",
        "manifest_file": "arrisxg1v1.xml",
        "model_name": "MX011AN"
    },
    "Arris XG1v3": {
        "project": "rdk/yocto_oe/manifests/arris-bcm-manifest",
        "manifest_file": "arrisxg1v3.xml",
        "model_name": "AX013AN"
    },
    "Arris XG1v4": {
        "project": "rdk/yocto_oe/manifests/arris-bcm-manifest",
        "manifest_file": "arrisxg1v4.xml",
        "model_name": "AX014AN"
    },
    "Arris XG1v1 RM": {
        "project": "rdk/yocto_oe/manifests/arris-bcm-manifest",
        "manifest_file": "arrisxg1v1rm.xml",
        "model_name": "AX11RAN"
    },
    "Cisco G8": {
        "project": "rdk/yocto_oe/manifests/cisco-bcm-manifest",
        "manifest_file": "ciscog8.xml",
        "model_name": "CS011AN"
    },
    "Pace Xi3": {
        "project": "rdk/yocto_oe/manifests/pace-bcm-manifest",
        "manifest_file": "pacexi3v2.xml",
        "model_name": "PX032ANI"
    },
    "Pace XiD": {
        "project": "rdk/yocto_oe/manifests/pace-bcm-manifest",
        "manifest_file": "pacexid.xml",
        "model_name": "PXD01ANI"
    },
    "Cisco XiD": {
        "project": "rdk/yocto_oe/manifests/cisco-bcm-manifest",
        "manifest_file": "ciscoxid.xml",
        "model_name": "CXD01ANI"
    },
    "Pace Xi5": {
        "project": "rdk/yocto_oe/manifests/pace-bcm-manifest",
        "manifest_file": "pacexi5.xml",
        "model_name": "PX051AEI"
    },
    "Arris Xi6": {
        "project": "rdk/yocto_oe/manifests/arris-bcm-manifest",
        "manifest_file": "arrisxi6.xml",
        "model_name": "AX061AEI"
    },
    "Technicolor Xi6": {
        "project": "rdk/yocto_oe/manifests/tch-bcm-manifest",
        "manifest_file": "tchxi6.xml",
        "model_name": "TX061AEI"
    },
    "Pace XG2v2": {
        "project": "rdk/yocto_oe/manifests/pace-bcm-manifest",
        "manifest_file": "pacexg2v2.xml",
        "model_name": "PX022AN"
    },
    "Samsung XG2v2": {
        "project": "rdk/yocto_oe/manifests/samsung-bcm-manifest",
        "manifest_file": "samsungxg2v2.xml",
        "model_name": "SX022AN"
    },
    "Sky Xione": {
        "project": "rdk/yocto_oe/manifests/sky-realtek-manifest",
        "manifest_file": "skyxione.xml",
        "model_name": "SKXI11AIS"
    },
    "Llama Panel": {
        "project": "rdk/yocto_oe/manifests/sky-amlogic-manifest",
        "manifest_file": "sky-llama-panel.xml",
        "model_name": "LT650"
    },
    "Platco CAD1.1": {
        "project": "rdk/yocto_oe/manifests/platco-amlogic-manifest",
        "manifest_file": "platco-cad11.xml",
        "model_name": "PLTL11AEI"
    },
    "Hisense": {
        "project": "rdk/yocto_oe/manifests/hisense-amlogic-manifest",
        "manifest_file": "hisense-a6gp.xml",
        "model_name": "A6GP"
    },
    "Arris XB3": {
        "project": "rdk/yocto_oe/manifests/arris-intel-manifest",
        "manifest_file": "arrisxb3.xml",
        "model_name": "TG1682"
    },
    "Arris XB3 COX": {
        "project": "rdk/yocto_oe/manifests/arris-intel-manifest",
        "manifest_file": "arrisxb3-cox.xml",
        "model_name": "TG1682COX"
    },
    "Cisco XB3": {
        "project": "rdk/yocto_oe/manifests/cisco-intel-manifest",
        "manifest_file": "ciscoxb3.xml",
        "model_name": "DPC3941"
    },
    "Cisco XB3 3939": {
        "project": "rdk/yocto_oe/manifests/cisco-intel-manifest",
        "manifest_file": "ciscoxb3-3939.xml",
        "model_name": "DPC3939"
    },
    "Arris XB6 7.1": {
        "project": "rdk/yocto_oe/manifests/arris-intel-manifest",
        "manifest_file": "arrisxb6p2-sdk7x.xml",
        "model_name": "TG3482PC2"
    },
    "Technicolor XB6": {
        "project": "rdk/yocto_oe/manifests/tch-bcm-manifest",
        "manifest_file": "tchxb6.xml",
        "model_name": "CGM4140COM"
    },
    "Technicolor XB6 COX": {
        "project": "rdk/yocto_oe/manifests/tch-bcm-manifest",
        "manifest_file": "tchxb6-cox.xml",
        "model_name": "CGM4140COM"
    },
    "Technicolor XB6 SHAW": {
        "project": "rdk/yocto_oe/manifests/tch-bcm-manifest",
        "manifest_file": "tchxb6-shaw.xml",
        "model_name": "CGM4140COM"
    },
    "Technicolor XB6 ROGERS": {
        "project": "rdk/yocto_oe/manifests/tch-bcm-manifest",
        "manifest_file": "tchxb6-rogers.xml",
        "model_name": "CGM4140COM"
    },
    "Technicolor XB6 VIDEOTRON": {
        "project": "rdk/yocto_oe/manifests/tch-bcm-manifest",
        "manifest_file": "tchxb6-videotron.xml",
        "model_name": "CGM4140COM"
    },
    "Pace XF3": {
        "project": "rdk/yocto_oe/manifests/pace-bcm-manifest",
        "manifest_file": "pacexf3.xml",
        "model_name": "PX5001"
    },
    "Pace CFG3": {
        "project": "rdk/yocto_oe/manifests/pace-bcm-manifest",
        "manifest_file": "pacexf3-bci.xml",
        "model_name": "PPX5001B"
    },
    "Technicolor CBR": {
        "project": "rdk/yocto_oe/manifests/tch-bcm-manifest",
        "manifest_file": "tchcbr.xml",
        "model_name": "CGA4131COM"
    },
    "DPC3939B": {
        "project": "rdk/yocto_oe/manifests/cisco-intel-manifest",
        "manifest_file": "ciscoxb3-3939B.xml",
        "model_name": "DPC3939B"
    },
    "DPC3941B": {
        "project": "rdk/yocto_oe/manifests/cisco-intel-manifest",
        "manifest_file": "ciscoxb3-3941B.xml",
        "model_name": "DPC3941B"
    },
    "Technicolor XB7": {
        "project": "rdk/yocto_oe/manifests/tch-bcm-manifest",
        "manifest_file": "tchxb7.xml",
        "model_name": "CGM4331COM"
    },
    "Sky Hub4": {
        "project": "rdk/yocto_oe/manifests/sky-bcm-manifest",
        "manifest_file": "skyhub4.xml",
        "model_name": "SR203"
    },
    "Arris XB6 7.2 Daisy": {
        "project": "rdk/yocto_oe/manifests/arris-intel-manifest",
        "manifest_file": "arrisxb6p2-sdk72x-daisy.xml",
        "model_name": "TG3482PC2"
    },
    "Arris XB6 7.2 Morty": {
        "project": "rdk/yocto_oe/manifests/arris-intel-manifest",
        "manifest_file": "arrisxb6p2-sdk72x.xml",
        "model_name": "TG3482PC2"
    },
    "XCam": {
        "project": "rdk/projects/sercomm/sercomm_xw3",
        "manifest_file": "DEPS.git",
        "model_name": "SERXW3"
    },
    "XCam2": {
        "project": "rdk/projects/sercomm/sercomm_xcam2",
        "manifest_file": "DEPS.git",
        "model_name": "SCHC2"
    },
    "ICam2": {
        "project": "rdk/projects/sercomm/iCam2",
        "manifest_file": "DEPS.git",
        "model_name": "SERICAM2"
    }
}